tree,treatment,origin,culture,stressed,serie ,c1L0,c1W1,c1W2,c2L0,c2W1,c2W2,c3L0,c3W1,c3W2,c4L0,c4W1,c4W2,c5L0,c5W1,c5W2,c6L0,c6W1,c6W2,c7L0,c7W1,c7W2,c8L0,c8W1,c8W2,c1L1,c1W11,c1W21,c2L1,c2W11,c2W21,c3L1,c3W11,c3W21,c4L1,c4W11,c4W21,c5L1,c5W11,c5W21,c6L1,c6W11,c6W21,c7L1,c7W11,c7W21,c8L1,c8W11,c8W21,c1L3,c1W13,c1W23,c2L3,c2W13,c2W23,c3L3,c3W13,c3W23,c4L3,c4W13,c4W23,c5L3,c5W13,c5W23,c6L3,c6W13,c6W23,c7L3,c7W13,c7W23,c8L3,c8W13,c8W23,c1EV0,c2EV0,c3EV0,c4EV0,c5EV0,c6EV0,c7EV0,c8EV0,c1EV1,c2EV1,c3EV1,c4EV1,c5EV1,c6EV1,c7EV1,c8EV1,c1EV3,c2EV3,c3EV3,c4EV3,c5EV3,c6EV3,c7EV3,c8EV3,c1oct-dec,c2oct-dec,c3oct-dec,c4oct-dec,c5oct-dec,c6oct-dec,c7oct-dec,c8oct-dec,c1dec-mar,c2dec-mar,c3dec-mar,c4dec-mar,c5dec-mar,c6dec-mar,c7dec-mar,c8dec-mar,c1oct-mar,c2oct-mar,c3oct-mar,c4oct-mar,c5oct-mar,c6oct-mar,c7oct-mar,c8oct-mar
1,intsub,int,sub,no,replacement,NA,NA,NA,NA,NA,NA,NA,NA,NA,NA,NA,NA,NA,NA,NA,NA,NA,NA,NA,NA,NA,NA,NA,NA,4.3,4.4,3.8,4.1,3.5,3.2,4.9,2.8,2.2,5.1,3.9,1.9,4.6,2.8,1.8,4.3,2.3,1.9,4.9,2.3,2.2,3.9,3.4,3.3,NA,NA,NA,NA,NA,NA,5.7,6.4,4.9,NA,NA,NA,5.2,5.3,5.3,NA,NA,NA,NA,NA,NA,NA,NA,NA,NA,NA,NA,NA,NA,NA,NA,NA,56.77093544,36.13793664,24.05281875,33.68651263,19.11187891,14.89350537,19.48278319,34.37511047,NA,NA,142.9096754,NA,114.7215389,NA,NA,NA,NA,NA,NA,NA,NA,NA,NA,NA,NA,NA,0.017819606,NA,0.017921977,NA,NA,NA,NA,NA,NA,NA,NA,NA,NA,NA
2,subsub,sub,sub,no,original,3.2,3.4,2.5,3.2,3.2,2.6,3.9,2.3,1.6,4.2,3.7,2.6,5.3,4.3,4,4.4,4.1,2.8,5.2,3,1.7,5.2,2.8,3.7,4.5,4.2,4,NA,NA,NA,4.8,2.5,2,4.6,2.4,2.2,6.7,5.1,3.1,5.7,5.4,3.3,5.5,3,2.3,NA,NA,NA,NA,NA,NA,8.2,6.7,6.7,NA,NA,NA,7.2,4.7,4.6,8.9,7.4,5.7,9.2,7.4,6.3,NA,NA,NA,8.1,5.5,5.2,21.87176805,21.13663537,11.64725841,32.73107576,71.69055531,41.13208722,22.55427906,43.13799412,59.41144407,NA,19.08517537,19.11187891,88.45703895,84.71167146,30.33502231,NA,NA,289.1034932,NA,122.2723569,299.8903479,339.046177,NA,182.0884773,0.018505374,NA,0.009145205,-0.009963239,0.003891815,0.013378979,0.005488483,NA,NA,NA,NA,0.021332654,0.014033332,0.015941183,NA,NA,NA,0.018420964,NA,0.009281169,0.010077872,0.014854562,NA,0.010141469
3,intsub,int,sub,no,original,2.9,1.6,1.5,4.1,4.2,2.8,3.7,3.9,3.5,NA,NA,NA,5.2,4.3,2.9,5.5,5.2,3.6,3.9,2.4,3,3.8,3.1,1.6,3.2,2.8,1.6,4.8,4.7,3.4,4.3,4.3,3.9,NA,NA,NA,NA,NA,NA,6.3,4,2.6,4.4,3.1,3.2,4.4,3.4,2.4,NA,NA,NA,NA,NA,NA,NA,NA,NA,NA,NA,NA,NA,NA,NA,NA,NA,NA,5.6,4.4,3.5,NA,NA,NA,5.472065354,39.44662276,39.78277317,NA,52.92955303,83.62919644,22.32965518,16.48197316,12.16424675,61.8359682,56.77093544,NA,NA,53.8838118,34.28969842,29.06287364,NA,NA,NA,NA,NA,NA,68.62337913,NA,0.014793425,0.008324755,0.006585009,NA,NA,-0.008140048,0.007943136,0.010503598,NA,NA,NA,NA,NA,NA,0.007974578,NA,NA,NA,NA,NA,NA,NA,0.007906462,NA
4,subsub,sub,sub,no,replacement,NA,NA,NA,NA,NA,NA,NA,NA,NA,NA,NA,NA,NA,NA,NA,NA,NA,NA,NA,NA,NA,NA,NA,NA,4.1,2.4,3.1,4.2,3.3,2,3.9,2.7,3.4,4.2,2.1,2.5,4.5,2.5,1.6,3.4,1.4,3.7,3.8,2.9,2.5,3.4,1.7,1.7,4.3,4.3,3.1,5.2,4.7,3.9,5,4,3.7,NA,NA,NA,6.7,5.1,4.1,4,2.2,2.5,NA,NA,NA,4.5,4,2.6,NA,NA,NA,NA,NA,NA,NA,NA,24.3522518,23.16492613,28.49404902,17.44997639,14.85286102,17.3639753,21.75709992,7.717322354,46.23403368,75.51446261,58.20782138,NA,111.3474684,17.34944543,NA,38.488437,NA,NA,NA,NA,NA,NA,NA,NA,0.006410919,0.011816849,0.007143245,NA,0.020144632,-8.37133E-06,NA,0.016068904,NA,NA,NA,NA,NA,NA,NA,NA
5,intsub,int,sub,no,replacement,NA,NA,NA,NA,NA,NA,NA,NA,NA,NA,NA,NA,NA,NA,NA,NA,NA,NA,NA,NA,NA,NA,NA,NA,4.7,2,1.4,4,3.9,2.8,4,4.7,1.8,4.1,3.7,2.8,4.7,3,2.1,3.7,3,2.7,3.8,4.6,2.9,5.2,3.7,2.7,8.4,5.5,5.5,NA,NA,NA,NA,NA,NA,7.8,4.9,4.8,4.9,3.4,3.2,4.5,2.3,2.8,3.8,2.4,3.6,7.2,4.3,4,NA,NA,NA,NA,NA,NA,NA,NA,10.66806325,35.25652355,33.1830724,34.01264921,24.00314232,23.60376735,41.96971436,41.8208814,199.5696733,NA,NA,144.1013207,41.9096314,22.98173201,26.86061719,97.39094306,NA,NA,NA,NA,NA,NA,NA,NA,0.029289089,NA,NA,0.014437842,0.005573309,-0.000267067,-0.004462871,0.008453374,NA,NA,NA,NA,NA,NA,NA,NA
6,subsub,sub,sub,no,replacement,NA,NA,NA,NA,NA,NA,NA,NA,NA,NA,NA,NA,NA,NA,NA,NA,NA,NA,NA,NA,NA,NA,NA,NA,3.4,2.6,2.2,4.6,3.5,2.7,4.2,2.5,2.4,3.5,2.2,2.4,3.6,3,2.2,3.4,1.9,1.6,4.4,3.3,2.2,3.5,2.9,1.7,5.7,4.6,4.7,5.7,5,4.3,5.7,4.9,3.8,5,4.6,4.1,4.1,3.8,3.3,5.2,3.8,3.3,3.4,3.1,2,5.9,4.2,3.9,NA,NA,NA,NA,NA,NA,NA,NA,15.38123763,34.71931121,19.8002804,14.541647,19.1134497,8.177958376,26.13412389,14.541647,96.79894919,96.79894919,84.71167146,74.30848373,40.58171945,51.46949784,17.3639753,76.00671091,NA,NA,NA,NA,NA,NA,NA,NA,0.018394877,0.010253401,0.014535573,0.016312084,0.007529254,0.018395468,-0.004088442,0.016538049,NA,NA,NA,NA,NA,NA,NA,NA
7,subsub,sub,sub,no,replacement,NA,NA,NA,NA,NA,NA,NA,NA,NA,NA,NA,NA,NA,NA,NA,NA,NA,NA,NA,NA,NA,NA,NA,NA,3.7,3.4,2.5,2.1,2.1,1.6,4.4,3.6,2.4,4.2,2.1,2.3,3.4,1.9,1.4,4.4,3.8,2.3,2.6,1.2,1,3.7,2.7,2,5.7,4.3,4.2,5.4,4.9,3.8,3.6,3.5,2.1,6.3,5.5,4.3,5.7,4.4,3.8,NA,NA,NA,5.5,4.3,3.9,4.2,2.5,2.3,NA,NA,NA,NA,NA,NA,NA,NA,25.28923181,5.64485295,31.10176727,15.96557387,7.270038099,32.14713223,2.470862622,16.04823702,80.86164966,80.25316243,22.16707776,118.8016824,75.25449582,NA,72.6139872,19.00035237,NA,NA,NA,NA,NA,NA,NA,NA,0.01162361,0.02654442,-0.003386564,0.020070208,0.023371141,NA,0.033805902,0.001688585,NA,NA,NA,NA,NA,NA,NA,NA
8,intsub,int,sub,no,replacement,NA,NA,NA,NA,NA,NA,NA,NA,NA,NA,NA,NA,NA,NA,NA,NA,NA,NA,NA,NA,NA,NA,NA,NA,5.3,2.3,2.5,4.5,3.1,2.7,4.7,3,2.5,5.8,2.7,2.7,5.3,4.2,3.1,4.1,2.1,2.2,5,2.6,2,4.9,3.2,3.1,6.6,6.1,5.6,NA,NA,NA,1.8,0.9,1,NA,NA,NA,1.7,2.1,2.4,6.1,4.4,4.5,6.6,5.1,5.1,NA,NA,NA,NA,NA,NA,NA,NA,NA,NA,NA,23.97663513,29.72339349,27.91599597,33.20820514,55.45637527,14.88506234,20.77378142,38.18625505,177.3967051,NA,1.275879316,NA,6.759332944,94.8723675,134.8261611,NA,NA,NA,NA,NA,NA,NA,NA,NA,0.020013087,NA,-0.030855643,NA,-0.021046725,0.018521743,0.018702946,NA,NA,NA,NA,NA,NA,NA,NA,NA
9,subsub,sub,sub,no,replacement,NA,NA,NA,NA,NA,NA,NA,NA,NA,NA,NA,NA,NA,NA,NA,NA,NA,NA,NA,NA,NA,NA,NA,NA,2.7,2.8,2.5,3.6,2.3,1.9,4.7,3.3,2.4,3.3,2.9,1.8,3.6,2.2,1.6,2.7,3,2.1,3.1,2.9,1.4,2.3,2.2,1.2,4.1,3,3.7,6.1,5.7,5,5.2,3.7,4,4.9,3,3.7,3.2,2.8,2.9,4.9,4,3.9,4.4,3.9,3.2,4.1,3.9,2.5,NA,NA,NA,NA,NA,NA,NA,NA,14.89173823,12.46898124,29.98316394,14.31329248,10.20703453,13.78903921,11.25455933,5.220541592,36.13793664,137.1283595,60.53613424,43.18924135,20.41406906,60.04545674,43.55111356,32.97415649,NA,NA,NA,NA,NA,NA,NA,NA,0.008865366,0.023976734,0.007026044,0.011044028,0.006931472,0.014712279,0.01353162,0.01843123,NA,NA,NA,NA,NA,NA,NA,NA
10,intsub,int,sub,no,replacement,NA,NA,NA,NA,NA,NA,NA,NA,NA,NA,NA,NA,NA,NA,NA,NA,NA,NA,NA,NA,NA,NA,NA,NA,3,1.3,1.1,2.6,2.7,2.3,3.5,3,2,4.9,3.8,4.1,3.5,3.4,2.7,3.5,2.6,1.8,3.7,1.8,2.7,3.7,2.2,1.7,6.1,5.1,4.3,3.1,2.1,2.3,NA,NA,NA,6,4.3,4.7,NA,NA,NA,7.1,5.6,5.4,7,5.4,4.8,5.9,4.7,3.2,NA,NA,NA,NA,NA,NA,NA,NA,3.392920066,12.76272016,17.18058482,60.04545674,25.57158245,13.30464489,14.71148935,11.04996311,105.8316171,11.78411404,NA,95.42587685,NA,168.6838905,142.9974436,72.29963158,NA,NA,NA,NA,NA,NA,NA,NA,0.034401584,-0.000797761,NA,0.004632479,NA,0.025399133,0.02274198,0.018783919,NA,NA,NA,NA,NA,NA,NA,NA
11,subsub,sub,sub,no,replacement,NA,NA,NA,NA,NA,NA,NA,NA,NA,NA,NA,NA,NA,NA,NA,NA,NA,NA,NA,NA,NA,NA,NA,NA,5.6,3,2.8,4.3,3.1,1.7,3,1.8,2,3.5,2.4,1.9,3.6,1.7,1.5,3.4,2.1,1.2,2.2,2,1.1,2.8,1.9,1.5,7.4,6.1,6.3,NA,NA,NA,5.9,5.3,3.8,5.7,5.2,4.3,6.2,3.6,3.8,4.9,4,4.3,NA,NA,NA,4.9,3.9,3.6,NA,NA,NA,NA,NA,NA,NA,NA,36.9891119,19.45274171,8.50586211,12.70676054,7.238229474,7.270038099,4.151221993,6.355441938,223.41122,NA,95.93226232,101.0071126,66.66302531,66.27994736,NA,54.1188422,NA,NA,NA,NA,NA,NA,NA,NA,0.017983905,NA,0.024228868,0.020730568,0.022202738,0.022101259,NA,0.02141871,NA,NA,NA,NA,NA,NA,NA,NA
12,intsub,int,sub,no,replacement,NA,NA,NA,NA,NA,NA,NA,NA,NA,NA,NA,NA,NA,NA,NA,NA,NA,NA,NA,NA,NA,NA,NA,NA,2.8,2.9,2,3.3,3.7,2.3,2.9,1.7,2.1,2.6,1.9,1.2,3.8,1.5,2,3.6,2.2,2,3.9,3.1,1.9,3.2,2.1,1.9,6,4.6,4.3,5.7,4.8,4.4,4.6,3.6,3.2,3.9,3,2.3,3.7,3.2,2.6,2,1.7,1.9,3.5,3.1,2.1,3.1,3.3,2,NA,NA,NA,NA,NA,NA,NA,NA,13.20018693,23.32632545,8.222333373,4.905989628,9.140071127,12.46898124,19.14408023,10.05309649,93.31708278,94.72844328,41.76433274,21.51028855,24.43923465,5.089380099,18.58252055,17.09792167,NA,NA,NA,NA,NA,NA,NA,NA,0.019557722,0.014014317,0.016251887,0.014780745,0.009835217,-0.00896088,-0.000297722,0.005310762,NA,NA,NA,NA,NA,NA,NA,NA
13,subsub,sub,sub,yes,original,4.8,2.4,2.2,6.3,2.6,2.4,3.9,3.4,3.5,4.1,4,4.4,4,3.7,3.7,3.3,2.6,2.1,4.2,2.2,1.6,4.4,4.3,3.2,5.1,3.1,2.5,7.1,3.8,2.5,5,4,3.5,5.3,4.1,3.7,4.4,3.2,3.3,4.3,3.6,2.6,5.1,2.5,2.3,5.5,5,4,8.1,4.3,3.8,7.2,4.7,4,3.1,2.5,2.3,4.4,3.6,3.3,NA,NA,NA,4.5,3.8,3.5,5.7,4.2,4.7,6.9,4.6,3.6,19.94283016,30.92505268,36.4579864,56.80313677,43.00840343,14.31329248,11.90820695,48.59651136,31.40336017,55.33110426,55.22330836,63.31330215,36.50137964,32.45500831,23.07185645,87.47372045,104.3481963,107.0042166,14.02406961,41.13208722,NA,47.08560164,88.65122864,91.09754757,0.008408245,0.010773492,0.007689344,0.002009332,-0.003037879,0.015160484,0.012247884,0.010884938,0.013802511,0.007580839,-0.015754138,-0.004957551,NA,0.004277155,0.015472372,0.00046658,0.011653969,0.008741561,-0.006728066,-0.002273261,NA,0.008385765,0.014137198,0.004425205
14,intsub,int,sub,yes,original,3.1,3.7,3.2,4,3.8,2.1,4.8,4.6,2,3.5,3.1,3.5,3.9,4.1,2.6,4.4,2.4,1.9,4.9,4.5,4.4,4.4,3.4,2.2,4.4,4.9,4.3,4.5,3.8,2.9,5.1,5.8,3,4.2,4.6,3.6,5,4.7,3.6,4.7,2.4,2.3,5.9,5.7,4.9,5.6,2.7,2,6.8,4.9,5.3,7,6.6,5.6,5.3,5.3,3.2,7,7.3,5.1,NA,NA,NA,5.7,6.1,4.7,5.1,3.5,2.9,7.1,7,6.7,28.97942508,27.33971007,41.0543328,29.935451,34.37511047,15.97421325,76.20895094,27.09309504,73.1237106,39.663589,77.54707306,55.45068113,67.63259935,20.38559838,130.164823,24.2892236,138.9118024,204.5726596,75.18714793,211.3349378,NA,130.5425995,41.01663369,261.6552018,0.017140122,0.006890618,0.01177757,0.011415751,0.012532543,0.004515795,0.009913381,-0.002023076,0.007375707,0.018856202,-0.000355228,0.015378739,NA,0.021343344,-0.013273837,0.02732178,0.011036994,0.01417312,0.004261154,0.013763386,NA,0.01479383,-0.004362685,0.015970061
15,subsub,sub,sub,yes,original,4.5,3.5,3.7,4.9,3.8,3.7,4.8,4.5,3.6,4.7,3.9,3.8,4.1,4.5,2.9,3,2.8,1.7,4.5,4.2,2.9,3.7,2.5,1.6,5.1,5.4,4.2,6,4.1,5.1,5.9,5.9,3.6,5.5,4.5,4.3,4.9,4.9,3.9,3.5,3.3,2.5,5.2,4.7,3,5.1,3.3,2.6,5.8,4.7,4.3,8,6.4,4.6,6.8,6.6,6,7.7,6.8,5.1,4.3,4.5,3.5,NA,NA,NA,NA,NA,NA,7.9,7.1,5,45.80442089,54.1188422,61.8359682,54.7153521,44.08361351,11.92823461,44.54091159,12.21235239,92.28742579,99.71415082,104.5512218,83.62919644,74.50601137,23.11819494,60.53613424,34.85813034,92.24501429,190.0663555,211.9726811,214.0989503,54.03539364,NA,NA,227.1055366,0.012972728,0.011317133,0.009725776,0.007856451,0.009718364,0.012253921,0.00568208,0.019422935,-5.2835E-06,0.007414548,0.008123911,0.010805122,-0.00369242,NA,NA,0.021541706,0.004930054,0.008846414,0.008675861,0.009607704,0.001433459,NA,NA,0.020584274
16,subsub,sub,sub,yes,original,3,3.9,2.1,6.2,2.7,2.5,4,3,2.5,5.5,3.2,2.9,4.2,1.9,3.1,4.5,2.1,2.2,3.7,4.4,3.6,3.5,3.2,3,3.4,4.1,2.5,NA,NA,NA,5.4,4.2,3.4,5.3,2.7,2.5,NA,NA,NA,5.3,3,2.5,5.5,5.2,3.8,5.1,4,3.3,NA,NA,NA,4.8,3.4,2.5,NA,NA,NA,5.6,4.6,4,NA,NA,NA,NA,NA,NA,7.6,6.3,5.4,7.1,5.3,5.1,21.20575041,32.91760782,23.75829444,40.18391528,20.61670179,16.33726355,46.49557127,26.41686723,29.0801524,NA,61.24220719,28.1392454,NA,31.47974014,87.47372045,53.36368186,NA,32.80765208,NA,81.32326743,NA,NA,204.2749937,150.783881,0.005847843,NA,0.017535276,-0.006598177,NA,0.012146214,0.011703358,0.013020883,NA,NA,NA,0.01219847,NA,NA,0.009748606,0.011939278,NA,-2.35628E-05,NA,0.004964545,NA,NA,0.01042331,0.012266513
17,intsub,int,sub,yes,original,4.8,4.3,2.9,4.5,3.9,2.6,3.9,3.7,3.4,4.1,2.9,2.4,3.3,2.9,3.1,4.2,4.1,3.2,3.6,3.2,2.5,3.6,2.6,2.2,5.3,4.6,4,5.8,5.4,3.5,5.6,4.6,4,4.8,3.9,3,3.6,3.5,4.1,5.9,5.6,4,4.7,4.4,3.2,4.2,3.7,3,8.3,7.5,5.1,8,7.2,6.2,NA,NA,NA,7.7,7,5.3,9.1,9,5.5,6.5,6.2,5,NA,NA,NA,8.2,6.8,5.6,48.85804895,37.33095645,38.60212338,22.61338027,23.32632545,43.94656153,22.9658277,16.28601632,76.96666382,90.20651336,81.32326743,44.87136787,40.82813813,106.7638847,53.30340255,37.01934973,258.7313608,282.0521884,NA,228.7340597,375.6706678,160.0955616,NA,247.5637843,0.008415801,0.016338495,0.013798609,0.012689965,0.010366462,0.016437876,0.015592459,0.015206183,0.013935838,0.013103339,NA,0.018721381,0.025509671,0.00465691,NA,0.021841696,0.011738529,0.014241332,NA,0.016295903,0.01957134,0.009104201,NA,0.019164517
18,subsub,sub,sub,no,original,3.1,3.8,1.7,4.6,2.6,2.7,4.9,3.1,2.4,3.9,2.7,2.8,4,1.8,1.6,4.8,2.3,2.5,4.6,3.5,2.1,2.9,2.4,2.3,4.6,3.4,2.9,5.4,4.7,3.7,5.7,4.3,3.3,4.6,3.8,3.4,4.1,2.1,1.7,4.9,3.1,2.8,4.5,3.8,2.7,3.7,3.7,2.9,10.1,6.8,6.4,7.7,5.9,4.8,7.1,6.2,4.5,8,6.3,5.1,2.2,2.5,2,2.9,2.4,2.5,7.1,4.9,4.5,4.8,3.5,2.4,18.41267819,25.37110957,29.10391069,23.16433708,9.079202769,21.71468842,28.32459936,12.57834794,35.84832107,74.81388745,64.64455203,46.82229691,11.62467822,33.49114483,37.33095645,31.6460482,345.5406344,173.0964538,159.6084184,204.1406906,8.747372045,13.67162218,123.1810625,32.80765208,0.012338098,0.020025786,0.014778357,0.013032326,0.004576739,0.008023929,0.005112819,0.017085859,0.026043833,0.009641902,0.010388731,0.016924711,-0.003268701,-0.010298377,0.013722212,0.000414351,0.020648386,0.013522802,0.011984865,0.015325321,-0.000262205,-0.003258216,0.010351582,0.006751302
19,intsub,int,sub,yes,original,3,2.6,2.6,3.5,3.2,3.7,3.5,2.2,1.3,3.7,1.7,1.8,3.4,3.1,2.2,3.5,2.6,1.6,3.4,1.8,1.9,3.9,2.9,2,3.6,3.3,3.5,4.4,4.2,3.4,4.4,2.7,2,4.6,2.8,3,4.3,4.2,2.9,3.2,1.5,1,4.6,2.5,2,4.1,2.8,2.1,6.2,6.2,5.7,5.5,4.5,5.3,5.7,4.1,4.5,6.2,4.5,3.7,2.9,2.8,2.3,5.9,4.3,4.2,NA,NA,NA,7.3,5.3,4.4,15.92787475,32.71870574,8.418486564,8.899542939,18.75255925,12.12262065,9.139285728,18.38597466,32.68512997,49.90105771,19.08438997,30.38391335,42.56131552,3.926990817,18.28995973,19.32884515,172.3913626,103.7157545,82.77546863,81.85576739,14.81044952,83.69890053,NA,134.8640566,0.013312028,0.007816579,0.015156308,0.022739137,0.015178065,-0.020874069,0.012847593,0.000926119,0.019113184,0.008409331,0.016865069,0.011391327,-0.01213348,0.03516497,NA,0.022329526,0.016772511,0.008124698,0.016096491,0.015626471,-0.001661953,0.013606709,NA,0.014032952
20,subsub,sub,sub,no,original,3.5,1.7,1.6,4.9,5.3,3.2,4.7,3.4,2.9,5,2.8,2.6,5.2,3.1,3.8,3.7,2.7,2.5,4.2,3.7,2.1,3.9,3.8,2.9,4.6,2.6,2.5,6.1,4.6,3.7,5.5,3.4,3.4,5.4,3.6,3.6,5.8,5.1,3.8,4.3,2.9,3.2,5.4,4.1,3.1,5.5,4.4,3.1,9.3,7,6.6,8.1,6,4.9,9.4,7.4,6.8,7.9,7.2,6.2,NA,NA,NA,8.8,7.8,6.7,7.4,6.4,5.8,7.4,5.5,3.9,7.483862749,69.5126462,36.6276324,28.62776306,48.61064853,19.64437886,27.74183393,34.37511047,23.49243716,82.5117712,49.93561523,54.96530507,90.20651336,31.41651558,54.96530507,60.7456392,337.746343,188.9591405,372.1640613,278.5265361,NA,363.2859205,216.2625259,128.3858962,0.021183879,0.003174672,0.005739473,0.012080096,0.011449241,0.008695231,0.012662234,0.010543751,0.030639271,0.009524021,0.02308736,0.018653002,NA,0.028136281,0.015744723,0.008601669,0.026827789,0.007042409,0.016327689,0.016022087,NA,0.020545063,0.014461631,0.009279632
21,intsub,int,sub,no,original,4,3.8,3.1,3.5,2.7,2.6,6.4,4,1.8,4.6,4.1,2.3,4.9,3.7,3.2,4.9,3.5,2.4,4.6,3.3,2.9,3.8,1.6,1.5,5.3,5.2,4.4,4.4,4,3.4,NA,NA,NA,5.4,5,3.5,6.1,4.4,4.2,5.4,3.6,3.1,4.7,3.1,2.5,4.9,2.6,2.8,7.5,5.9,5.9,7.8,7.1,6.2,7.7,6.8,5.5,NA,NA,NA,NA,NA,NA,NA,NA,NA,7.4,5.6,5.7,NA,NA,NA,37.39280656,19.30410511,42.27327075,36.99539509,45.80618804,33.49114483,34.71931121,7.170292533,95.90654053,47.30924377,NA,76.60577336,88.58427345,47.5963068,28.94035152,28.05520779,205.0478255,270.9117082,228.7340597,NA,NA,NA,185.5318592,NA,0.017442515,0.016599777,NA,0.013479241,0.012213614,0.00650878,-0.003371466,0.025263478,0.008734127,0.020058474,NA,NA,NA,NA,0.021356204,NA,0.01198426,0.018601938,0.011890176,NA,NA,NA,0.011802328,NA
22,intsub,int,sub,no,original,4.6,3.5,2.5,4.4,3.7,3.3,4.4,3.8,3.7,4.6,3,2,4.1,2.3,2.2,NA,NA,NA,4.2,2.1,2.1,NA,NA,NA,5.3,3.6,2.7,5.3,4,4.7,5.3,4.1,4.5,4.7,3.5,2.1,4.6,2.6,2.4,NA,NA,NA,4.6,3.6,2.4,NA,NA,NA,8.2,7.2,6.4,NA,NA,NA,NA,NA,NA,6,5.3,5.5,NA,NA,NA,NA,NA,NA,1.8,1.3,1.2,NA,NA,NA,32.51548396,42.33296101,48.59651136,22.5801972,16.30192063,NA,14.54714478,NA,41.30350036,78.76699276,76.96666382,28.94035152,22.5801972,NA,32.51548396,NA,297.7978508,NA,NA,137.4132627,NA,NA,2.208932335,NA,0.004430201,0.011498667,0.008515197,0.004595622,0.006033155,NA,0.014894846,NA,0.022706525,NA,NA,0.017905242,NA,NA,-0.030910427,NA,0.015596468,NA,NA,0.012717744,NA,NA,-0.013273841,NA
23,subsub,sub,sub,no,original,6.1,3.9,3.1,4.4,2.8,2,3.4,2.7,2.1,4.6,4.2,3.5,3.2,2.7,2.5,3.6,3.2,2.9,3.8,2.3,2.7,3.8,3.2,2.5,NA,NA,NA,5.4,3.1,2.8,4.3,3.7,3.2,5.5,6.4,4.9,3.4,3.1,2.6,4.3,5.5,3.8,4.9,3.5,3.2,4.3,3.8,2.2,7,3.5,3.4,NA,NA,NA,8.9,6.7,5.7,6.7,6.1,5.2,7.5,6,5.9,NA,NA,NA,5.9,6.1,5.1,6.3,5.7,4.8,58.68887776,19.90513105,15.38123763,53.55119567,16.98973307,26.30219909,18.65320638,24.24170701,NA,36.90860859,40.19726705,137.8953008,21.68994838,73.02376869,43.18924135,30.39490892,65.43741148,NA,268.6972781,167.9815482,208.5379386,NA,145.3175098,136.3794823,NA,0.011434579,0.017789826,0.017515863,0.004522958,0.01890986,0.015547655,0.004188899,NA,NA,0.021836625,0.002268499,0.026014621,NA,0.013946318,0.017254784,0.000766506,NA,0.020143922,0.008050817,0.017658534,NA,0.014457063,0.012164554
24,intsub,int,sub,no,original,3.7,3,2.6,4.2,4,2.3,4,3,4,3.8,4,3.6,4.3,2.7,2.6,3.6,4.8,2.5,4,3.5,2.5,4.7,3.8,2.7,4.3,4.1,3.4,5.4,5.1,4,3.8,4.5,3.8,4.5,4,4,5.1,4.5,3.8,4.3,5.8,4.1,4.3,4.1,3.2,4.9,4,3.1,NA,NA,NA,6.8,5.2,5.2,NA,NA,NA,NA,NA,NA,NA,NA,NA,6.4,5.8,5.4,6.6,5.9,4.6,NA,NA,NA,22.78282992,32.73107576,38.48451001,43.09636802,23.71647199,37.66848131,28.27433388,38.99011007,47.49204519,87.80240958,51.4007755,56.54866776,68.98525133,82.75013954,44.99290824,48.50010374,NA,144.4127311,NA,NA,NA,157.632553,142.8737434,NA,0.013602871,0.018273407,0.005359212,0.005030795,0.019772646,0.014574111,0.008602786,0.004041813,NA,0.005719384,NA,NA,NA,0.007407368,0.013281109,NA,NA,0.010453172,NA,NA,NA,0.010080585,0.011408499,NA
25,intsub,int,sub,yes,original,5.4,3.6,2.5,3.7,1.6,1.7,4.9,1.8,0.9,4.9,2.5,2.7,3.3,2.6,1.8,3.2,2.8,3.5,3.6,3.2,2.4,4.2,2.3,1.1,4.8,3.9,3.6,5.1,3.3,3,4.3,2.5,1.6,5.3,3.5,2.9,4,3.8,2.5,3.9,4.6,4.2,5,4.1,4,4.6,2.5,1.8,6.2,5.5,5.4,7.4,5.5,4.3,7,5.8,4,6.5,4.5,3.5,6.5,5.6,4.7,NA,NA,NA,6.9,3.7,3.4,NA,NA,NA,39.45329864,7.911512049,7.013801949,26.01552876,12.54437947,24.93796248,22.16707776,9.533162907,53.01437603,39.74487771,14.19273386,42.62512912,31.17245311,59.30070293,64.41246688,16.70031385,144.6353915,139.5448333,132.0018693,81.68140899,135.3996981,NA,68.29606444,NA,0.005471212,0.02989189,0.013052782,0.009143525,0.016856705,0.016041295,0.019753685,0.010382425,0.01153624,0.014435689,0.025633172,0.00747566,0.016881567,NA,0.00067293,NA,0.00914858,0.02021174,0.020668565,0.008057273,0.016753228,NA,0.007924253,NA
26,subsub,sub,sub,yes,original,3.9,3.6,2.8,4.5,2.9,2.8,4.5,3.4,2.4,4,1.7,1.2,3.8,2.3,3.7,4,2.6,2.7,4.2,2.7,2.8,4.9,2,2.4,4.2,3.6,3,5.5,3.7,3.5,5.7,4.7,3,4.9,2,1.6,1.8,0.6,0.7,NA,NA,NA,4.5,3.4,2.9,5.7,3.4,3,4.9,2.4,1.9,4.9,4.1,4,NA,NA,NA,6.6,5.7,4.8,NA,NA,NA,NA,NA,NA,6.7,4.5,4.3,4.6,3.6,3,31.36566105,28.70728462,29.72339349,6.605198554,26.86061719,22.06183441,24.94620916,18.62650284,35.9225412,55.98318109,66.35691638,12.46898124,0.597295303,NA,35.06900974,45.84212,17.78946475,63.12421754,NA,142.8737434,NA,NA,101.8755666,39.3437356,0.002512061,0.012368526,0.014872474,0.011766427,-0.070481571,NA,0.006307332,0.016678109,-0.008077685,0.001379922,NA,0.028031233,NA,NA,0.012257866,-0.001757087,-0.003993713,0.005548969,NA,0.021648622,NA,NA,0.009908664,0.005265854
27,subsub,sub,sub,yes,original,5.3,3.6,2.8,3.6,2.1,2.1,4.2,3.2,2.3,4.1,2.8,2.3,3.4,3,2,3.9,3.7,2.9,3.7,2.3,2.7,4.2,2.7,2.1,5.6,4.2,3.6,4.2,2.5,2.7,5.2,3.5,3.3,5.4,4.1,3.2,4.1,4,2.6,4.2,4.2,3.3,4.3,3.5,3.5,4.7,2.8,2.6,4,2.9,3.6,6.8,5.3,5.6,7,5.3,4.8,6.7,5.1,4.6,4,3,3.1,5.6,4.6,3.7,5.6,4.5,3.9,5.6,4.7,4.1,42.62512912,12.46898124,24.94620916,20.93891139,16.68971097,33.3566454,18.16233253,19.00035237,66.89707397,22.29902466,47.2118544,56.50272197,35.0672426,46.38757903,41.37084826,26.91009727,33.1830724,158.6323648,140.2073166,123.7793396,29.22466566,75.74851127,77.58477217,85.14972728,0.008346505,0.010764794,0.011813391,0.018382955,0.013749537,0.006106939,0.015244938,0.00644526,-0.008058797,0.022552258,0.012511232,0.009013927,-0.002094878,0.005636633,0.007227525,0.013240341,-0.001763409,0.017910882,0.012157748,0.012513319,0.003945216,0.005775787,0.010225503,0.010563054
28,subsub,sub,sub,yes,original,3.1,3.6,2.8,4.8,4.2,4.4,3.7,4.1,3.9,4.2,2.2,1.6,4.6,2.3,1.9,4.5,3.1,2.9,4.9,5,2.8,3.6,1.8,1.4,4.6,5.1,3.6,5,4.7,4.7,4.4,5.1,3.3,4.5,2.6,2,4.6,2.8,1.7,5.3,4,2.8,4.8,5.6,2.5,4.3,2.4,2,6.6,5.5,4.1,5.7,4.6,4.2,2.5,1.5,1,5.1,4.3,3.2,6.4,4.6,3.2,4.5,2.9,3.1,NA,NA,NA,6.5,3.9,3.7,24.9316793,69.7056578,46.49557127,11.90820695,15.93258714,31.80862562,58.53493972,7.238229474,68.36380504,86.74722715,60.95946385,18.69640328,18.28995973,48.11977468,61.8359682,16.34570658,119.4307863,86.67025813,3.067961576,56.32777453,76.45379882,31.80862562,NA,73.71747162,0.018679709,0.004050314,0.005015779,0.008353766,0.002555292,0.007665846,0.001015951,0.015084975,0.006412569,-1.02031E-05,-0.034358572,0.012676512,0.016440625,-0.004758112,NA,0.017313501,0.011032379,0.001534009,-0.019143266,0.01094338,0.011044508,0,NA,0.016344107
29,intsub,int,sub,yes,original,3.5,3.6,1.6,4.3,3.3,1.8,3.9,3,2,4.3,2.7,1.2,4.1,3.5,2.3,4,4.6,3.6,4,3,2.3,4.5,5.1,4.2,4,5.5,2.9,4.6,4.9,3.5,4.4,5,3.7,5.2,3.5,1.8,5.1,4.5,3.3,6,5.5,4.3,5.2,3.9,3.2,5.3,6.4,4,5.8,4.7,4,8.5,6.9,5,NA,NA,NA,7.2,6.9,5.5,9.1,8.1,7.2,NA,NA,NA,7.3,7.1,6,5.9,5.4,3.5,18.58252055,21.9603217,19.14408023,12.84184902,27.08131407,52.81017251,22.06183441,76.42022305,55.41769441,63.73034857,65.39146569,28.68038473,60.92412093,113.1444594,51.46949784,112.5569816,86.19784113,236.3429971,NA,217.3730789,418.2675226,NA,245.9774763,91.76179807,0.02023477,0.019730067,0.022748115,0.014879706,0.015014541,0.014110399,0.015687781,0.007170597,0.005077542,0.015064635,NA,0.023280479,0.022143587,NA,0.017979892,-0.002347857,0.010805801,0.016732724,NA,0.019921872,0.0192766,NA,0.016981625,0.001288371
30,intsub,int,sub,yes,original,4,3.6,2.5,5.4,2.7,2.3,3,2.4,2,3.4,3,1.9,4.8,2.8,2.8,4.6,3,2.4,3.8,3.2,2.2,3.7,4.6,2.3,5.2,5.2,3.2,5.9,3,3.8,3.7,2.8,2.9,4.2,3.7,2.4,4.3,2.8,2.5,4.3,3.4,2.6,4.6,3.8,2.9,3.6,4.4,2.8,7.1,5.7,4.7,7.2,6.1,4.9,6.6,5.9,4.1,NA,NA,NA,5.9,4.4,4,2.7,2.8,2.8,6.2,4.4,3.5,5.5,4.6,2.8,29.22466566,26.50718801,11.40398133,16.02879842,29.55610368,26.33754201,21.75709992,34.58834607,72.04300273,53.56729634,23.60376735,30.68589894,23.71647199,30.39490892,40.54500209,36.64353671,150.783881,171.05972,129.590697,NA,81.74109925,16.62530832,75.97588404,59.13655471,0.016708336,0.0130282,0.013471181,0.012026226,-0.004076305,0.002653329,0.011527266,0.001068894,0.008489475,0.013345678,0.019574421,NA,0.01422284,-0.006935046,0.007218431,0.00550129,0.011555172,0.013130963,0.017115623,NA,0.00716385,-0.003239924,0.008806168,0.003776989
31,intint,int,int,yes,original,3.7,3.6,3,4,5.4,3.4,3.8,5.2,2,4.5,5.3,2.7,4.9,4.6,3,4.5,3.6,1.9,3.3,3.5,1.4,3.5,3.1,2.6,5.1,4.4,4.1,4.9,6.2,3.8,4.2,5.4,2.9,5.7,7,3.5,5.5,5.4,4.6,5.5,4.6,3.5,3.8,2.9,2,3.9,4,2.8,7.7,5,5.5,5.8,5.1,5.6,9,6,5,3.2,2.5,2.3,5.8,5.6,4.7,6.3,5.9,5.2,4.9,4.3,3.8,4.9,3.3,2.8,31.6460482,60.82123377,38.67928875,56.54866776,55.57163245,26.72808125,15.55736317,22.32788804,72.34989706,96.21127502,56.81138345,123.3909602,107.9922475,70.85371356,17.91453941,35.4088908,166.686034,130.3843418,213.82465,14.47645895,120.8181922,152.4110296,63.12421754,35.80021543,0.015312977,0.008492733,0.007119119,0.014449189,0.012303455,0.018053752,0.002612567,0.008539379,0.00959308,0.003493563,0.015234708,-0.024630276,0.00128997,0.00880418,0.014476918,0.000126333,0.011700695,0.005370053,0.012041211,-0.009595619,0.005469113,0.012259622,0.009863172,0.003324771
32,intint,int,int,yes,original,4,3.6,2.4,4.5,6,4.1,3.9,4.2,2.5,5.3,4.8,3.1,3.5,4.5,2.7,4.9,4.6,2.6,4.6,4.6,4.3,6.1,4.1,2.7,4.5,4.6,4,6,6.9,5.6,4.5,4.8,3,5.3,5.6,3.7,4.9,5.4,3.6,5.4,4.9,4,4.9,5.4,3,6.1,4.5,2.8,9.3,6.2,6.6,6.6,6.2,4.7,6.8,6.5,4.9,6.8,4.1,4.4,4.9,5.9,4.7,8.2,7.4,6.3,7.7,6,5.2,7.7,5.9,5.2,28.27433388,90.13327498,34.37511047,64.94712668,35.62566069,49.87592497,71.5430968,55.38313689,65.34905419,184.0776945,53.75657729,90.00604048,77.93113276,83.98537451,67.88667565,63.82714889,299.1801516,153.9667071,173.519587,96.46652942,108.1029886,302.1933316,189.6516653,186.2801473,0.015514602,0.013223491,0.008280246,0.006042653,0.014495543,0.009650079,-0.000971486,0.002627842,0.017486241,-0.002053121,0.013469247,0.000796774,0.003761596,0.014717521,0.011808612,0.012311185,0.01661332,0.003770753,0.011401111,0.002786075,0.007817029,0.012686821,0.006865416,0.008542088
33,subint,sub,int,yes,original,5.7,3.6,1.9,3.5,5.4,2.9,4.3,4.3,3.1,5.4,2.6,2.3,5.7,4.5,4.4,4.4,3.6,2.6,3.9,3.4,2.7,4,2.3,1.9,5.9,4.2,2.5,3.7,3.6,2.6,4.4,4,2.9,5.5,3,2.8,3.9,4.8,3,4,3.2,2.4,3.9,4,3.1,NA,NA,NA,5.6,3.9,4.4,6.3,4.9,4,4.2,3.6,3.5,5.3,3.1,3.7,5.3,4.1,3.4,4.5,3.6,2.3,NA,NA,NA,5.8,5.2,3.9,33.85556958,47.34281954,46.23403368,25.45750337,88.65122864,33.20977594,28.49404902,13.8544236,52.00337224,27.9264025,41.13208722,36.32859205,46.58903365,24.6300864,38.60212338,NA,75.74851127,97.98293692,41.57151749,48.11977468,58.53670687,30.75717383,NA,94.30629177,0.007948242,-0.009774863,-0.002165327,0.006585085,-0.011913791,-0.005534733,0.005622445,NA,0.004323106,0.014427825,0.000122146,0.003230898,0.00262401,0.0025535,NA,NA,0.005671234,0.005122382,-0.000748598,0.004483681,-0.002922929,-0.000540289,NA,0.013506643
34,subint,sub,int,yes,original,4,3.6,3.4,4.2,2.4,2,4.8,2.7,3.1,4.4,3.9,2.6,4,5.2,3.4,3.9,4.1,3.6,2.7,3.5,2.4,3.6,2.6,1.4,4.2,3.5,3.9,4.3,2.4,2.8,3.3,2.3,1.8,4.4,4.4,2.8,4.4,3.7,2.6,3.9,4.7,3,4,4.4,3.7,3.6,2.4,3,NA,NA,NA,4.4,4.6,4.7,3.4,3.4,3.5,NA,NA,NA,5.5,4.2,3.3,4.9,4,3.4,NA,NA,NA,3.7,4.1,2.3,38.48451001,15.96557387,31.70495306,36.50137964,58.08804816,45.40210068,18.4543043,11.30973355,45.1588236,22.82995381,10.89209808,44.78654487,34.28969842,45.40210068,51.5299735,20.6119894,NA,74.72199587,31.78388558,NA,60.7456392,52.6852942,NA,29.75716561,0.002961664,0.006622938,-0.01978584,0.003788106,-0.009761388,4.11194E-18,0.019016037,0.011114985,NA,0.013628748,0.012309446,NA,0.006572992,0.001710092,NA,0.004220656,NA,0.01086859,1.75106E-05,NA,0.000315038,0.001047732,NA,0.00681272
35,intint,int,int,yes,original,6,3.6,2.8,4.7,5,3.9,5.6,6.3,3.2,6.2,3.7,2.3,4.3,3.5,2.4,5.3,4.7,2.3,5,3.2,1.9,4.7,3.6,3.3,6,4.3,2.9,5.5,5.9,3.9,5.6,6.6,3.5,5.3,3.3,1.9,5,3.9,3.1,6.1,5.6,2.6,5.7,3.7,2.9,5.4,5.2,4.4,7.4,5.8,6.1,7.8,5.7,3.7,NA,NA,NA,8.7,6.7,6,8.4,7.2,6.2,NA,NA,NA,7.1,6.6,5.6,6.3,4.5,4.3,48.25486316,73.09838151,99.23505795,43.82521752,29.39018832,50.99197576,25.53525779,43.93654771,61.07256119,103.7157545,112.1658533,28.1392454,48.10563751,80.53551307,48.7520202,97.7160979,205.7574327,135.3256743,NA,275.5221918,296.1547979,NA,207.4951262,95.79344319,0.004362335,0.006478663,0.002268282,-0.008204521,0.009124787,0.008463518,0.011975676,0.014802219,0.013961325,0.003057819,NA,0.026224172,0.020890608,NA,0.01664783,-0.000228415,0.010212686,0.004337169,NA,0.012946893,0.016269165,NA,0.014753857,0.005489069
36,subint,sub,int,yes,original,4.5,3.6,3.9,3.3,2.7,2.9,4.7,3.4,2.2,3.6,4.2,2.9,4.2,2,1.4,3.6,2.7,2.6,3.4,3.9,2.4,4.1,4.3,3.3,4.6,4.7,3.9,4.1,2.5,2.3,4.5,3.7,3.2,4.6,4.7,3.2,4,1.4,1.5,3.9,3,2.2,3.9,4.4,2.9,4.2,4.8,3.6,NA,NA,NA,2.5,3,1.2,NA,NA,NA,2.8,1.9,1.4,NA,NA,NA,2.6,1.4,1.7,NA,NA,NA,3.6,3.3,3,49.70097753,20.31982128,28.94035152,35.63272928,9.533162907,19.85565097,26.49658514,46.49871287,66.80125539,18.54796303,42.06690738,56.36920428,6.605198554,20.70623718,40.80752142,58.18857913,NA,8.659014751,NA,5.9870902,NA,4.905989628,NA,28.05520779,0.005475875,-0.001689571,0.00692638,0.008493674,-0.006794807,0.000776784,0.007997232,0.004153046,NA,-0.008755851,NA,-0.025773764,NA,-0.016551473,NA,-0.008385228,NA,-0.006007013,NA,-0.012560979,NA,-0.009845294,NA,-0.003558101
37,subint,sub,int,no,original,4.3,3.6,3.1,3.6,5.6,3.4,4.8,5.8,2.1,3.6,4.1,2.2,3.6,3.1,2.8,4,3.7,3.1,3.2,3.9,3.1,4.2,5.4,2.7,4.7,5.9,3,4.3,5.5,3.8,5.3,5.4,3.2,4.6,5.2,3.8,4.6,3,2.8,4.9,4.6,3.9,4.2,4.3,3.4,4.3,5.4,3.4,7.1,5.4,5.1,6.3,4.9,3.8,7.2,7.3,5.6,8.6,6.6,5.3,6.8,6.7,4.5,3.1,3.6,2.9,8.9,6.9,5.3,6.7,5.2,4.2,37.90076282,57.25552611,58.82003925,28.05520779,24.60573906,36.31681108,30.78760801,54.10647218,73.09838151,73.02376869,76.96666382,73.15983892,30.38391335,69.5126462,48.89456996,65.38282631,153.6975118,93.62868951,235.2565951,239.1235029,167.4845875,25.71688111,260.0995244,116.2412844,0.012163611,0.00450483,0.004979441,0.017749488,0.003906178,0.01202274,0.008565816,0.003505663,0.008542302,0.002856918,0.01284258,0.013613029,0.019620437,-0.011429438,0.019211471,0.00661389,0.009859262,0.00346347,0.009761931,0.015090182,0.01350642,-0.002430515,0.015027831,0.005385312
38,subint,sub,int,yes,original,4.2,3.6,2.4,6.1,4.9,3.8,3.4,3.3,2.8,5.2,2.4,2.5,4.9,3.5,3,5.2,3.6,3.2,4.6,5.4,3.9,4,4.2,3.8,4.7,3.7,2.1,6,5.1,3.2,3.3,2.9,2.6,5.1,2.7,2.1,4.7,3.4,2.6,5.1,3.9,3.8,3.3,1.5,1.3,3.3,2.7,1.4,2.2,3.3,1.6,5.5,4.5,2.5,5.7,2.5,3.6,NA,NA,NA,7.4,5.1,4,NA,NA,NA,NA,NA,NA,NA,NA,NA,29.68805058,90.65635016,24.84096581,24.51463287,40.64926369,47.2118544,78.11845023,50.26548246,31.0444332,81.15911921,19.60059292,23.07185645,33.22234231,59.37197781,5.079955321,10.89209808,10.37157545,52.91620126,41.64514857,NA,120.3218205,NA,NA,NA,0.000827313,-0.002049339,-0.004387673,-0.001123271,-0.003736261,0.004244025,-0.0506097,-0.028320019,-0.012601731,-0.004916116,0.008662357,NA,0.014792499,NA,NA,NA,-0.007406167,-0.003791313,0.003638667,NA,0.007642178,NA,NA,NA
39,intint,int,int,no,original,4.8,3.6,1.4,5,2.1,1.5,5.1,3,2.5,4.8,4.5,2.6,4.6,3.4,1.7,3.4,3.2,3.2,3.1,3.2,1.9,5.9,2.9,2.9,5,2.4,2.6,NA,NA,NA,5.5,3.8,3.2,4.9,4.6,3.4,5.1,4.8,3.4,4.9,4.2,3.5,3.8,4.4,3.1,6.5,3.9,2.7,NA,NA,NA,6.5,3.4,2.9,7,5.2,4.1,7.5,6,4.9,6.2,5.3,4.9,NA,NA,NA,8.3,6,5,6.1,5.5,5.1,23.5619449,12.72345025,30.29182541,47.5103057,23.49243716,27.34442246,15.83185983,38.97067147,24.54369261,NA,52.91620126,61.57521601,67.33296995,57.04366496,41.96971436,55.594409,NA,50.6552363,118.8759025,174.9621671,126.6548786,NA,197.1938439,134.5771899,0.000755963,NA,0.010330216,0.004802089,0.019499472,0.013616749,0.018054147,0.006579135,NA,NA,0.00930311,0.012003567,0.007262252,NA,0.017784356,0.010161555,NA,0.009729548,0.009628185,0.009180444,0.0118647,NA,0.01776171,0.008727666
40,subint,sub,int,yes,original,3.6,3.6,2.8,4.2,4.8,4,4.2,3.8,2.5,4.4,2.3,1.6,3.3,4.4,2.6,4.1,3.2,2.2,3.8,3.9,3,4.9,3.6,4,4.4,3.6,3.5,4.5,4.6,3.5,4.9,4.1,3,5.4,2.7,2.4,4.1,2.9,2.8,4.3,3.3,2.3,4.3,4,2.4,4.5,4.3,3,4.2,4,3.3,NA,NA,NA,5.5,4.9,5.1,6.8,4.1,4.2,5.6,5.9,3.9,4.7,3.5,1.9,5.1,3.8,3.4,4.9,5.1,4.3,28.9529179,63.86229546,32.73107576,13.14049667,31.74972076,23.47476571,35.52316623,55.57163245,43.55111356,57.97122019,48.50010374,27.57807841,26.15552599,26.47734288,34.58265193,47.08560164,43.94656153,NA,107.9922475,91.98033511,105.6014955,26.91009727,51.91167701,85.0122826,0.00756045,-0.001792268,0.00728224,0.013728192,-0.003589323,0.002228951,-0.000496905,-0.003068622,0.000103898,NA,0.009201075,0.013845444,0.016041518,0.000186347,0.004668869,0.006791132,0.002938756,NA,0.008406581,0.013703352,0.0084633,0.0009618,0.00267154,0.002993823
41,intint,int,int,yes,original,5,3.6,3.4,4.7,3.7,3.6,4.6,3.3,2.5,4.8,4.4,3.7,4.2,4.7,3.3,3.8,3.3,3.1,5.4,3,1.6,4.3,3.7,2.2,5.2,6.2,3.7,6.1,4.4,3.7,5,4,3.5,5.1,4.1,4.2,4.8,4.9,3.6,5,4.5,4.2,5.4,3.7,2.8,4.8,4.4,3.4,4.4,4.3,3.3,8.4,7.7,5.6,8.7,7.1,6.7,5.7,5.7,4.4,5.5,5.5,4.7,7,5.7,5.5,6.1,5.7,5.1,6.4,4.5,2.9,48.10563751,49.17829505,30.38391335,61.8359682,52.77875658,30.56141333,22.43568394,29.39018832,100.0699362,78.58320959,55.22330836,68.98525133,68.09402077,74.30848373,44.79714774,57.34034911,49.90105771,291.7510704,325.3174171,114.168815,112.3551343,172.4106048,139.7034837,68.81344548,0.013564258,0.008679735,0.011064293,0.002026065,0.00471816,0.016453461,0.012805403,0.012376734,-0.007998013,0.015077504,0.020384095,0.005790637,0.005756038,0.009674181,0.013073307,0.00209649,0.000258048,0.01253837,0.016696395,0.00431826,0.005320816,0.012184089,0.012879363,0.005991115
42,intint,int,int,yes,original,4.8,3.6,3,5.3,4,2.4,4.1,2.7,2.1,3.4,5,4.8,4.4,3,2.2,3.9,4.5,2.4,5,2.9,2.2,4.4,4.5,4.2,4.8,4.6,NA,5.3,3.9,3,4.3,4,2.6,6,5.7,3.6,4.7,3.6,3,4.5,4.2,2.8,6.1,3.7,3.4,3.7,3,2.3,5.7,4.6,3.3,6,6,4.3,9,7.6,6,6.7,5.8,4.4,6.5,6.8,5.2,5.6,5,3.9,NA,NA,NA,NA,NA,NA,41.0543328,42.62512912,18.54796303,64.11519367,23.36088297,36.4579864,25.53525779,65.39146569,NA,49.54546869,36.7778398,101.8936307,40.1990342,43.29507376,60.37768016,20.40719683,69.84879661,124.9843367,326.8512997,136.8689817,183.7831702,87.09594393,NA,NA,NA,0.002786053,0.012676584,0.008578668,0.010051482,0.003182932,0.015936284,-0.021564891,NA,0.010635605,0.025110458,0.003391893,0.017470272,0.008034155,NA,NA,0.00374251,0.007575665,0.020205249,0.005340442,0.014526012,0.006132745,NA,NA
43,subint,sub,int,no,original,4.3,3.6,2,4.4,3.1,2.4,4.6,2.2,1.5,5.3,3.4,3.3,3.3,3.8,2.6,5,3.7,2,5.5,3.5,2.3,4.6,3,1.8,4.7,3.3,2.1,4.4,2.4,2.2,5.1,2.9,2.3,5.6,4.4,4,5.5,5.2,4.1,7,5.3,4.2,5.8,4.7,4.4,4.3,3.3,2.4,3.8,3.2,3.2,NA,NA,NA,9.5,6.5,6.5,6.4,4.5,4,8.6,7.5,5.8,6.6,5.3,5.4,4.8,4.3,2.7,6.4,4.9,4.9,26.47734288,26.13412389,12.36491599,46.71489371,26.54017474,31.89698291,36.32859205,20.80990974,26.91009727,18.28092765,27.07738708,77.58477217,93.40249483,124.0438224,94.30629177,27.4314053,30.56141333,NA,315.2391878,90.79202769,298.6975244,148.368389,46.18141201,120.6874234,0.000300226,-0.006618214,0.014515479,0.009394595,0.023301082,0.025150435,0.017665608,0.005115912,0.00146249,NA,0.028214169,0.0018069,0.013362223,0.0020582,-0.008206558,0.017028913,0.001010203,NA,0.022806117,0.004679637,0.017047689,0.01082526,0.001689946,0.012378695
44,subint,sub,int,no,original,4.6,3.6,2.8,4.8,4.2,2.6,5.3,2.8,1.8,4,3.8,4.3,4,5.1,4.2,5.1,4.2,3.6,4.7,2.5,2,4.9,5.5,4.3,5.5,5.2,3.7,NA,NA,NA,5.8,4.4,2.9,5,5.3,4.5,6,5.4,4.8,6,6.1,3.8,4.8,3.4,2.7,5.3,5.8,5.1,NA,NA,NA,8.1,6.4,5.2,6.8,6.7,6.2,7.8,5.8,4.8,6.7,5.9,6.1,7.6,6.1,6.2,6.6,6.4,7.8,4.8,4.3,3.7,36.99539509,43.58017329,22.02020831,51.5299735,67.92908715,60.92412093,18.68756755,92.40130853,85.54065922,NA,60.68810878,94.28704952,122.5692374,115.465311,35.06959879,123.6399314,NA,214.0084332,222.1867842,172.0823084,189.438037,225.7634875,261.3066814,60.31857895,0.015522192,NA,0.018773837,0.011188522,0.010929847,0.011839648,0.011656966,0.005393193,NA,NA,0.014916904,0.006915276,0.005004436,0.007707101,0.023084599,-0.008249809,NA,0.011207135,0.016278576,0.008491614,0.007222519,0.009224357,0.018576312,-0.003003528
45,subint,sub,int,no,original,4.9,3.6,2.1,4,3.7,3.4,4.5,2.3,1.7,4.4,5.1,3.9,3.2,3.3,2.9,2.9,3.7,3.6,3.6,2,1.7,3.9,3.6,2.6,5.5,5.3,3.5,4.4,5.6,4.2,5.6,3.5,2.9,6.6,5.2,4.4,4.3,3.8,3.9,5.3,5,4.1,5.1,3.6,3,5.1,5.5,4.2,5.8,6.2,4.3,6.8,4.8,4,8.7,5.2,5.7,5.7,4.6,4.4,7.3,6.6,6.3,5.7,5.2,5.4,8.8,8.4,4.9,6.7,4.9,5.5,31.25904325,39.59192142,14.13716694,69.97897636,24.15256432,30.34405439,9.676890771,29.43593777,83.62919644,82.97260357,45.03787228,119.4307863,50.05872639,86.17643903,43.6202286,94.22009432,125.5557139,103.3960974,202.9561139,90.65458301,238.5240478,125.7524561,305.6439785,142.2890145,0.018223777,0.013701581,0.021457342,0.009898929,0.013496413,0.01932956,0.027884821,0.021544762,0.004670769,0.002529388,0.017304437,-0.003168742,0.01794567,0.004343891,0.02237816,0.004738239,0.009791837,0.006760156,0.018761848,0.001822969,0.016127321,0.010012076,0.02431465,0.011096085
46,intint,int,int,yes,original,3.8,3.6,2.2,3.9,2,2.4,3.7,3.2,2.2,5.4,3.6,3,3.8,3.2,1.8,4.9,3.4,2.8,4.3,3.9,1.9,4.1,5.2,4.7,4.2,3.3,2.9,4.7,2.7,3.1,5,4.8,3.1,5.7,4.6,3.4,4.7,3.9,2.9,5.6,4.9,3.9,5.2,4.6,2.8,4.4,4,3.4,6.4,4.8,4.8,6,5.4,4.7,5.9,5.1,4.9,NA,NA,NA,5.4,4.5,2.8,6.4,5.9,4.4,5.9,5.5,4.1,5.2,3.9,3.6,25.09975451,14.82517573,21.18454466,46.1861244,18.65320638,36.98361412,28.40235378,78.90129584,31.70024067,31.0444332,61.27087422,71.6283125,42.67225301,85.14972728,55.91092446,47.30924377,115.8116716,120.1777,115.8462291,NA,56.50272197,133.3166258,106.7638847,57.4322407,0.004323448,0.013686902,0.019667272,0.00812613,0.015324645,0.015443264,0.012542366,-0.009472073,0.014892426,0.015558069,0.007321369,NA,0.003226896,0.005153054,0.007435172,0.002228737,0.010768361,0.014736934,0.011964731,NA,0.007804724,0.009029944,0.009324984,-0.002236562
47,intint,int,int,no,original,5.2,3.6,3.4,5.5,3.6,2.6,4.1,2.7,3.5,5,5.9,3,4.6,3.7,2.9,4.4,2.8,3.7,4.2,3.9,3,4.5,5.4,2.3,5.2,4.5,3,6.4,5.1,3.8,5.7,3.5,3.8,6.6,7.2,4.8,4.6,3.9,2.7,5.4,5.3,5.3,6,5,5.1,6.1,7.8,4.8,9.3,6.5,7.4,NA,NA,NA,6.5,4.9,5.9,7,5.5,5.5,7.2,7,4.7,NA,NA,NA,10.1,7,7.6,6.4,6.6,4,50.02986301,41.51221993,30.94547304,77.76423565,39.3437356,36.50137964,39.26244689,52.38703925,57.4322407,99.53822164,59.64176208,186.6106036,39.3437356,119.1339058,120.1777,190.1519639,352.8112615,NA,148.8643679,166.3080611,193.5236783,NA,422.7240681,141.1957402,0.002555292,0.016195442,0.012150543,0.016210046,0,0.02190552,0.020716722,0.023873414,0.020865832,NA,0.010513558,-0.001323934,0.01831107,NA,0.014456875,-0.003421568,0.013755726,NA,0.011062034,0.005353241,0.011218754,NA,0.016735571,0.006982309
48,subint,sub,int,yes,original,4.5,3.6,1.8,3.2,2.6,1.7,4.2,3.5,3.3,3.8,3.7,4,3.5,3.3,2.5,2.8,3.2,2.2,3.1,2.9,2.4,6.2,5.7,2.3,4.8,2.4,2.1,3.2,2.9,1.7,4.2,3,2.5,4.3,3.8,4.5,4,4,4.2,3.3,3.9,2.8,2.7,2.6,2.7,3.3,3.3,2.7,3.3,2.8,1.5,4.8,2.6,2.2,5.7,5.5,5,3.4,2.1,1.5,4,3.4,2.1,5.3,4.3,4.6,NA,NA,NA,4,3.7,3,25.76498675,11.61760963,38.13265163,44.23794425,23.11819494,16.03154731,17.09792167,77.91149781,19.08517537,13.29522011,24.94620916,58.16403544,52.81017251,29.08663193,14.89173823,23.32632545,11.98065993,21.71468842,123.3909602,8.651946168,23.75829444,82.43008979,NA,35.25652355,-0.005557492,0.002497825,-0.007858316,0.005068228,0.015297849,0.011031855,-0.00255834,-0.022333166,-0.005351933,0.0056389,0.018375126,-0.021902103,-0.009181289,0.01197324,NA,0.004747908,-0.005392414,0.004404696,0.008269626,-0.011491539,0.000192336,0.01153093,NA,-0.005583965
49,intint,int,int,no,original,4.9,3.6,3.3,4.6,3.7,2.3,5,4.2,3.5,3.7,3.5,2.5,4.1,3.9,3.5,4.5,5.2,4.2,5.6,3.3,2.4,4.2,4.6,3.5,6.2,5.9,4.2,5.9,5.2,4.5,5.7,4.5,5.2,5.6,5.5,4.9,4.2,5.4,4.6,5.5,6.4,4.7,6.8,4.5,3.5,4.9,5.8,4.6,8.1,8.2,6.7,8.2,7.8,6.3,8.4,7.6,7.3,NA,NA,NA,6.9,4.2,4.9,5.7,6.8,7.3,8.3,7.7,6,8.8,5.8,6.2,45.80618804,32.51548396,58.20782138,26.15375884,44.08361351,78.07250443,35.72462086,54.10647218,124.1836233,108.999717,105.3048113,118.9281315,82.46680716,133.0572481,85.45132018,104.0621151,353.0916487,320.0972682,366.1691171,NA,112.1919678,222.5066376,305.8786162,248.8141382,0.018469298,0.022400535,0.010978507,0.028046786,0.011598291,0.009872991,0.016150125,0.012111744,0.012011107,0.012382524,0.014324554,NA,0.00353811,0.005910086,0.014657948,0.010019749,0.014382454,0.016104989,0.012951236,NA,0.006578333,0.007375486,0.015122171,0.010744735
50,subint,sub,int,no,original,4.4,3.6,3.2,4.3,2.4,2.3,3.2,2.7,2.7,3.4,4.3,2.9,4.1,2.5,1.8,4,4.4,3.2,4.5,3,2.7,3.7,3.6,3.7,5.3,5,5.2,5.3,4,3.4,4.4,3.9,3.9,5.7,4.3,3.2,5.4,3.5,3.1,6.4,6.7,4.9,5.8,4.3,4.4,5.8,4.4,4.2,6.3,5.7,4.4,7.3,6.3,5.3,6.9,5.4,5.2,7.1,6.5,6.4,8.5,7.4,6.5,7.9,5.3,4.9,6.5,5.5,5.2,6.1,5.3,5,39.94849218,18.65065384,18.32176836,34.60778467,14.88506234,45.36459792,28.70728462,38.71482802,108.269493,56.98613454,52.56198669,62.95457153,46.1861244,169.093083,86.19784113,84.22766984,126.186585,192.8717978,152.2266574,231.9891424,322.4619057,161.3828292,146.1203831,127.067409,0.018463565,0.020683829,0.019516728,0.011080273,0.020968912,0.024365136,0.020361004,0.014394459,0.001760209,0.014013997,0.012222729,0.014991692,0.022336846,-0.000536437,0.006066502,0.004726371,0.008099794,0.016451722,0.014910427,0.013398676,0.021659344,0.008936953,0.011459718,0.008369683
51,subint,sub,int,no,original,4.4,3.6,2.1,3.7,3.3,3.4,4.6,3,1.9,3.4,2.7,1.6,3.7,3.6,3.1,4.4,5.7,3.1,3.7,2.6,1.7,3.7,4,3.2,5.7,3.8,3.8,4.7,4.9,2.5,5.9,4.8,4,5,4.5,3.3,4.9,5.2,3.8,6.1,6.4,4.3,NA,NA,NA,4.4,5.6,4.7,6.9,5.1,4.8,6.8,5.6,4.5,5.9,5.7,4.9,7.6,6.2,4.8,8.6,6.5,7.2,6.7,5.1,4.5,6.6,6.2,4.2,NA,NA,NA,28.06934496,32.61228429,21.68602139,12.34371024,32.61228429,66.90335715,13.43286114,37.66141273,64.64455203,50.53487403,89.71131982,59.72953033,77.93113276,137.1283595,NA,91.65518027,132.7851076,136.2013933,130.164823,180.5630378,316.9344698,121.2403437,140.1652978,NA,0.015448626,0.008110641,0.026294983,0.029197776,0.016132157,0.013290153,NA,0.016470323,0.008273888,0.011396218,0.004278213,0.012715556,0.016124937,-0.001415431,NA,NA,0.010944043,0.010066518,0.012620659,0.018893897,0.016014127,0.004186801,0.016514918,NA
52,intint,int,int,no,original,4.6,3.6,1.9,5.7,5,4.9,3.9,3.6,4.3,4.7,2.8,2.3,5.2,4.4,3.9,4.8,4,3.8,6.3,5.1,3.2,5.1,4.5,3.6,6.1,5.6,3.3,6.5,6.6,5.8,5.2,5.2,5.9,6.3,5.1,3.8,5.5,4.7,4.3,7.1,6.6,5.8,6.5,5.5,4.2,5.7,6.5,4.8,8.9,8,7.4,7.9,7.4,5.2,8.7,8.1,6.5,8.5,7.8,6.6,10,9.1,7.7,5.1,4.8,3.5,9.6,7.9,7.2,7.2,6,4.2,27.32203861,109.6920454,47.79128189,24.00314232,70.33790332,57.34034911,85.21707518,65.70071621,94.8723675,196.2395851,125.79958,97.98293692,87.47372045,214.3540083,120.0844339,142.9096754,414.4396883,246.2623795,364.1286527,346.0778467,554.1769441,68.98525133,429.7887246,147.0830849,0.023052571,0.010771471,0.017923088,0.026048307,0.004037548,0.024418969,0.006351727,0.014390796,0.016947069,0.0026099,0.01221629,0.014504257,0.021220065,-0.01303145,0.014656306,0.00033086,0.019149534,0.005695216,0.014300451,0.018792106,0.014536431,0.001302029,0.011395014,0.005675266
53,subint,sub,int,no,original,4.2,3.6,2.3,5,3.1,2.9,4.9,5,3.1,3.5,3.6,2.7,4.5,4.2,2.7,3.1,3.1,2.8,6.1,5.5,3.9,3.9,4.4,3.7,4.9,4.8,3,5.3,3.4,3.3,6.1,5.5,4.1,5.1,4.7,3.5,5.7,4.6,4,4.4,4.7,3,6.6,5.6,4.6,6.3,6.3,4.7,5.8,4.5,3.5,6.7,5.9,5.3,6.6,6.1,4.9,6.9,7,5.1,6,5.7,5.1,6.7,5.8,5.1,7.6,7.2,6.5,6.4,5.7,4.4,28.70669557,35.34291735,63.12421754,27.27589647,42.06690738,21.1882753,105.8316171,50.24172416,58.53493972,46.71489371,110.3829995,67.33296995,82.77546863,51.22288282,134.8261611,149.677255,72.88494956,165.0215789,156.8047433,198.3580003,137.4132627,156.299536,280.0816244,128.1895466,0.013194323,0.005166019,0.010349104,0.016734197,0.012534636,0.016347007,0.004484017,0.020215472,0.002520211,0.014505899,0.004035003,0.012418661,0.00582599,NA,0.008403389,-0.00178128,0.006561632,0.010851959,0.006407724,0.013972325,0.008336137,0.01407272,0.006853745,0.006596226
54,intint,int,int,no,original,4.9,3.6,1.8,4.3,3.6,2.1,3.6,2.2,1.9,5,5.2,4.6,3.6,3,3,3.6,4.8,3.2,4.6,3.2,3.6,4.6,3.8,3.1,5.7,2.4,2.1,5.8,5.2,3.5,4.9,2.7,2.6,5.9,5.9,5.7,5.8,4.2,5.1,4.9,5.8,3.2,5.8,4.3,4.4,5.7,5.6,3.6,7.6,6.4,5.4,NA,NA,NA,NA,NA,NA,NA,NA,NA,5.7,5.4,3.5,NA,NA,NA,7.3,5.9,5.2,7.2,5.9,5.5,28.05520779,27.4314053,11.88228881,94.28704952,25.44690049,45.23893421,41.76433274,43.00172754,22.66364575,86.19784113,27.02574715,155.8826859,98.49717637,77.93113276,86.19784113,94.72844328,207.7817965,NA,NA,NA,88.65122864,NA,176.6032566,183.7266216,-0.003952077,0.0212029,0.015217427,0.009310368,0.025063591,0.010071619,0.013418564,0.014625445,0.025468119,NA,NA,NA,-0.001210552,NA,0.008244375,0.007614191,0.014100804,NA,NA,NA,0.008789549,NA,0.010153965,0.010226821
55,intint,int,int,no,original,5.1,3.6,3.2,4.4,4.6,3.2,4.9,3.8,2.1,4.3,4.3,2.6,4.7,4.8,2.2,4.4,5.6,4.5,4.3,3.4,2.8,4.8,5.9,3.4,6.4,5.6,4.2,3.9,4.1,3.9,5.7,5,2.2,6.2,6.2,5.1,7,6.4,3.5,7.2,6.2,4.1,6.3,4.9,6,5.5,6.7,4.1,2.9,2.5,1.6,6.6,7.1,5.3,9.9,9.1,5.8,6.6,5.7,4.3,7.6,6.8,5.1,9.7,8.9,7.4,9.7,8.1,6.6,8.9,7.3,6.8,46.30393412,52.56198669,33.49114483,40.19726705,45.21929926,88.13031331,32.45500831,81.51490458,120.6874234,49.0088454,58.01893313,155.4456118,134.7095295,149.9812041,146.9682204,125.9621574,9.571843767,199.2586556,431.5564595,129.590697,211.3184444,506.0306622,411.5629711,347.4226447,0.017740315,-0.001296155,0.01017571,0.025046239,0.020214757,0.009846175,0.027969659,0.008059179,-0.029130782,0.016121873,0.023064701,-0.002090976,0.005175234,0.013978015,0.011836157,0.011661615,-0.011101416,0.009384582,0.018000826,0.008243535,0.010858044,0.012308315,0.017888079,0.01020955
56,subint,sub,int,no,original,3.9,3.6,1.9,3.6,4.8,4.3,3.8,3.6,3.5,3.3,5.4,3.2,5.2,3.5,2.2,4.9,3.7,2.8,3.7,5.4,3.9,4.4,3.1,2.8,4.6,3.5,2.7,NA,NA,NA,4.6,5.1,4.3,4.3,7.1,4.1,5.4,4.7,3.3,5,4.1,4.1,5,4.8,3.9,NA,NA,NA,NA,NA,NA,4.9,4.1,3,8.5,6.5,5.8,NA,NA,NA,6.4,5.6,5.6,5.7,5.5,3.4,3.1,3.7,3.5,6.6,5.3,4.8,23.16433708,58.53493972,37.61232535,47.92263974,33.17286223,40.64926369,62.83440562,30.07368107,34.71931121,NA,79.80744898,105.9093715,67.85840132,66.01271563,74.30848373,NA,NA,48.50010374,252.4986373,NA,157.632553,88.65122864,31.55415661,132.19547,0.007494114,NA,0.013931205,0.014685106,0.013253538,0.008979012,0.003105969,NA,NA,NA,0.013238954,NA,0.009687856,0.003389224,-0.009845055,NA,NA,-0.001324351,0.013408972,NA,0.010975596,0.00549105,-0.004850686,0.010426981
57,subint,sub,int,no,original,3.4,3.6,1.8,3.4,2.5,2.3,3.9,3.4,2,3.8,2.4,1.8,3.7,2.9,2.7,4.5,3.2,2.3,3.9,3.3,3.8,2.9,2.1,2.1,3.6,3.5,2.5,4.4,3.8,3.3,5.8,4.3,3.4,3.9,3.6,3.3,5.1,3.8,3.7,4.5,4.4,4.2,3.9,3.6,3.1,3.3,2.3,2,6.4,6,4.7,4.9,5.2,4.5,6.5,5.6,5.2,6.1,4.7,3.8,7.2,6.3,5.3,5.6,4.8,4.1,NA,NA,NA,4.6,3.8,4,19.46687888,15.38123763,22.32965518,13.16170242,22.78282992,26.72808125,38.60212338,10.04445711,25.44690049,43.55111356,67.52107281,36.4579864,56.32777453,65.34905419,34.37511047,11.98065993,143.8723772,90.52518866,148.8643679,86.53615139,190.2297184,87.09594393,NA,54.9511679,0.00496073,0.01927383,0.020491187,0.018867579,0.016762603,0.016556078,-0.002147676,0.00326431,0.01991187,0.008410263,0.009087309,0.009935652,0.013989019,0.003301924,NA,0.017507486,0.014086001,0.012482251,0.01336,0.013262331,0.014945248,0.008318983,NA,0.011967775
58,intint,int,int,no,original,4,3.6,3,4,3.2,2.3,3.8,3.2,2.6,4.8,5.9,5.5,4.1,2.8,2.8,5.5,4.3,3.1,4.5,2.9,2.9,3.4,4,2.5,5,5.2,4.5,4.1,2.8,2.9,4.5,4.7,3.8,7,7,3.7,5.7,4.8,3.8,7.2,6.3,4.7,7.3,5,4.9,4.9,5.3,3.6,3.8,3.6,3.1,7.1,6.5,5.8,8.2,7,6.3,6.6,5.7,4.4,3.3,5.7,3.5,6.5,5.6,5.1,8.6,5.2,5.1,8.6,5.7,5.5,34.211944,23.75829444,25.09975451,122.4844144,25.24583856,59.13655471,29.72339349,28.20561154,92.37264149,26.15552599,63.83814447,157.3604125,82.77546863,171.05972,140.482795,76.20895094,33.49369738,210.9106264,284.8046163,132.19547,54.84278295,146.1203831,179.144216,211.8187431,0.01839363,0.001780163,0.017286904,0.004639907,0.021990193,0.019669694,0.028762049,0.018406629,-0.011660616,0.023992804,0.017189109,-0.002002956,-0.004731737,-0.001811286,0.002794323,0.011750023,-0.000149419,0.01537678,0.017105249,0.000537309,0.005463446,0.006370293,0.012649696,0.014198662
59,intint,int,int,no,original,4.3,3.6,3.8,4.5,4.3,2.9,3.9,4.6,3.5,3.6,3,4.5,4.1,3.5,2.8,4.4,2.9,3.5,4.9,2.4,4.1,4.7,4.4,3.5,6.3,5.7,4.4,6.1,6,4,4.8,5,5,5.7,4.5,3.9,4.8,6.1,4.6,5.7,5.8,5,5.8,3.9,4.1,6.8,6.2,5.4,9.3,7.9,7,8.2,6.9,5.3,8.3,7.8,5.6,9,6.9,6,7.7,6.8,7.1,6.9,5.8,5.1,7.6,5.4,6,NA,NA,NA,46.23403368,45.80442089,50.24172416,39.76078202,31.95176443,35.38689965,40.64926369,57.59462177,126.186585,119.7732199,94.24777961,78.97021453,107.9042829,130.5425995,72.88494956,179.6614007,405.4015225,239.6422584,292.6291455,294.0707438,292.1125499,160.9651937,193.9336561,NA,0.018593434,0.017800361,0.011649656,0.012707217,0.022537355,0.024173295,0.01081299,0.021067496,0.01341513,0.007971806,0.013022745,0.015112065,0.011447064,0.002407914,0.011248666,NA,0.015289872,0.011653286,0.012408875,0.014091122,0.015583886,0.010667933,0.01100377,NA
60,intint,int,int,no,original,4.1,3.6,2.8,4.2,4.3,2.9,4.1,4.1,2.6,4.5,5.4,4.3,3.9,2.4,1.1,4.3,2.7,1.8,4.1,2.3,2.3,4.3,3.5,3.6,5.1,5.7,3.4,5.3,5.9,3.9,6,4.9,4.2,5.1,5.4,4.1,3.9,2.4,1.8,6.5,4.5,3,NA,NA,NA,5.6,5.6,4.8,6.6,5,3.3,8,7.3,5.7,5.9,5.4,5,5.5,4,3.8,7.4,4.6,3.5,NA,NA,NA,6.3,5.9,4.2,7.4,6.6,4.9,32.97415649,42.75079283,36.13793664,83.13537734,9.380599314,17.09713627,17.03450077,42.56131552,82.92449794,99.94427249,97.55823287,90.37478491,13.50806301,71.79030087,NA,118.9281315,89.27503114,265.4645792,125.2992814,65.70248336,95.33045098,NA,126.186585,192.1574782,0.017077897,0.015726389,0.018390857,0.001546203,0.00675265,0.026571082,NA,0.019029141,0.000848176,0.011228375,0.002876502,-0.003664696,0.022460489,NA,NA,0.005514895,0.007014068,0.012859815,0.00875607,-0.001657279,0.016328913,NA,0.01410226,0.010615278
